[
  {
    "id": 1,
    "title": "Les Femmes de droite",
    "year": 1983,
    "authors": "Andrea Dworkin",
    "url": "https://www.senscritique.com/livre/Les_Femmes_de_droite/10888513",
    "note": 8.3,
    "image": "https://media.senscritique.com/media/000006346717/150/Les_Femmes_de_droite.jpg",
    "cdc": "",
    "level": "",
    "theme": "",
    "size": 263,
    "publisher": "Editions du Remue-Ménage",
    "description": "La 4e de couverture indique : \"Militante féministe, Andrea Dworkin a voulu comprendre pourquoi des femmes rejettent le féminisme et n'hésitent pas à se montrer racistes et homophobes. Comment expliquer cet apparent paradoxe ? Dans un contexte où les femmes sont subordonnées aux hommes, les femmes de droite concluent ce qui leur paraît le marché le plus avantageux : en échange de leur conformité aux rôles traditionnels, la droite leur promet la sécurité, le respect, l'amour. Elles font donc le pari qu'il est préférable de prendre le parti du patriarcat plutôt que de combattre ce système dont la violence est trop souvent meurtrière. Mais la droite et l'antiféminisme se fondent sur le mépris des femmes et encouragent l'exploitation de leur sexualité : \"ce que font les femmes de droite pour survivre au système de classes de sexe ne signifie pas qu'elles y survivront : si elles sont tuées, ce sera probablement aux mains de leur mari\". Une réflexion brutale et sans concession, qui rappelle l'importance de la révolte féministe. La sociologue Christine Delphy, qui signe la préface, redonne à Andrea Dworkin la place qui lui revient dans l'histoire du féminisme, et le politologue Frédérick Gagnon rappelle dans sa postface la pertinence des analyses d'Andrea Dworkin pour comprendre le sort des femmes dans la vie politique des Etats-Unis des années 2000, toujours marquée par la misogynie et l'antiféminisme.\"",
    "category": "Conservatism"
  },
  {
    "id": 2,
    "title": "Le Deuxième sexe, I",
    "year": 1949,
    "authors": "Simone de Beauvoir",
    "url": "https://www.senscritique.com/livre/Le_Deuxieme_sexe_I/382133",
    "note": 7.7,
    "image": "https://media.senscritique.com/media/000017911133/150/Le_Deuxieme_sexe_I.png",
    "cdc": "",
    "level": "",
    "theme": "",
    "category": "Women"
  },
  {
    "id": 3,
    "title": "Ainsi soit-elle",
    "year": 1975,
    "authors": "Benoîte Groult",
    "url": "https://www.senscritique.com/livre/Ainsi_soit_elle/441348",
    "note": 8.2,
    "image": "https://media.senscritique.com/media/000019135812/150/Ainsi_soit_elle.jpg",
    "cdc": "",
    "level": "",
    "theme": "",
    "size": 228,
    "publisher": "Grasset",
    "description": "\"A toutes celles qui vivent dans l'illusion que l'égalité est acquise et que l'Histoire ne revient pas en arrière, je voudrais dire que rien n'est plus précaire que les droits des femmes. A celles qui ne regardent ni derrière elles ni autour, je voudrais rappeler que les Allemandes de l'Est par exemple ont perdu, à la chute du mur de Berlin, des droits qu'elles croyaient acquis pour toujours. Que les Algériennes, les Iraniennes, les Afghanes et tant d'autres, qui avaient goûté aux premiers fruits de la liberté, ont disparu, du jour au lendemain, sous un voile de silence. Aux Française je rappelle que l'on déplore encore 220 000 avortements en 1999. A celles enfin qui font confiance aux hommes au pouvoir pour que les choses s'arrangent peu à peu, je voudrais citer une phrase de Virginia Woolf : \"L'histoire de la résistance des hommes à l'émancipation des femmes.\" Si elles ne défendent pas elles-mêmes les droits conquis par leurs mères, personne ne le fera pour elles. La condition des femmes ne va pas en s'améliorant dans le monde, contrairement à ce qu'il est reposant de croire. Les hommes sont des analphabètes du féminisme, on le sait. Mais les femmes le sont à peine moins. C'est pourquoi il n'est jamais trop tard pour lire un livre féministe. Ni trop tôt. Ils n'ont hélas pas pris une ride depuis 25 ans.\" Benoîte Groult est romancière et essayiste, jurée du Prix Femina. Elle a écrit, entre autres : Le Journal à quatre mains, avec sa soeur Flora, les Trois Quarts du temps, les Vaisseaux du coeur (Grasset, 1988).",
    "category": "Fiction"
  },
  {
    "id": 4,
    "title": "La Servante écarlate",
    "year": 1985,
    "authors": "Margaret Atwood",
    "url": "https://www.senscritique.com/livre/La_Servante_ecarlate/386369",
    "note": 7.7,
    "image": "https://media.senscritique.com/media/000019183927/150/La_Servante_ecarlate.png",
    "cdc": "",
    "level": "",
    "theme": "",
    "size": 302,
    "publisher": "Robert Laffont",
    "description": "\" Les meilleurs récits dystopiques sont universels et intemporels. Écrit il y a plus de trente ans, La Servante écarlate éclaire d'une lumière terrifiante l'Amérique contemporaine. \" Télérama. Devant la chute drastique de la fécondité, la république de Gilead, récemment fondée par des fanatiques religieux, a réduit au rang d'esclaves sexuelles les quelques femmes encore fertiles. Vêtue de rouge, Defred, \" servante écarlate \" parmi d'autres, à qui l'on a ôté jusqu'à son nom, met donc son corps au service de son Commandant et de son épouse. Le soir, en regagnant sa chambre à l'austérité monacale, elle songe au temps où les femmes avaient le droit de lire, de travailler... En rejoignant un réseau secret, elle va tout tenter pour recouvrer sa liberté. Paru pour la première fois en 1985, La Servante écarlate s'est vendu à des millions d'exemplaires à travers le monde. Devenu un classique de la littérature anglophone, ce roman, qui n'est pas sans évoquer le 1984 de George Orwell, décrit un quotidien glaçant qui n'a jamais semblé aussi proche, nous rappelant combien fragiles sont nos libertés. La série adaptée de ce chef-d'oeuvre de Margaret Atwood, avec Elisabeth Moss dans le rôle principal, a été unanimement saluée par la critique.",
    "category": "Literary Collections"
  },
  {
    "id": 5,
    "title": "La Cause des femmes",
    "year": 1992,
    "authors": "Gisele Halimi",
    "url": "https://www.senscritique.com/livre/La_Cause_des_femmes/434851",
    "note": 7.9,
    "image": "https://media.senscritique.com/media/000000065480/150/La_Cause_des_femmes.jpg",
    "cdc": "❤️",
    "level": "",
    "theme": "",
    "size": 305,
    "publisher": "Editions Gallimard",
    "category": "Fiction"
  },
  {
    "id": 6,
    "title": "Le Carnet d'or",
    "year": 1962,
    "authors": "Doris Lessing",
    "url": "https://www.senscritique.com/livre/Le_Carnet_d_or/122922",
    "note": 7.8,
    "image": "https://media.senscritique.com/media/000011583002/150/Le_Carnet_d_or.jpg",
    "cdc": "",
    "level": "",
    "theme": "",
    "size": 763,
    "publisher": "Le Livre de poche",
    "description": "Ce livre dense, foisonnant et fascinant, amalgame et articule autour d'un roman intitulé \" Femmes libres \" les quatre carnets du journal d'Anna : le noir, le rouge, le jaune et le bleu, parce que Anna éprouve le besoin de séparer les choses qui \" font \" son existence. Et partout, des exigences, des pressions intérieures et extérieures amènent Anna à abandonner ses carnets, l'un après l'autre. C'est alors que, de leurs fragments entremêlés, peut surgir quelque chose d'autre, un texte neuf : \" Le Carnet d'or \". Reflétant les grands courants politiques, sociaux et psychologiques de notre époque, analysant avec une rare acuité les rapports entre les femmes et les hommes, Le Carnet d'or nous offre une vision profonde et vivante, et aussi très révélatrice de l'expérience féminine moderne. Parmi les romans de Doris Lessing, remarquables d'intelligence, de passion et d'originalité, Le Carnet d'or, prix Médicis étranger, se détache comme le plus important.",
    "category": "Fiction"
  },
  {
    "id": 7,
    "title": "King Kong théorie",
    "year": 2006,
    "authors": "Virginie Despentes",
    "url": "https://www.senscritique.com/livre/King_Kong_theorie/272645",
    "note": 7.6,
    "image": "https://media.senscritique.com/media/000000058033/150/King_Kong_theorie.jpg",
    "cdc": "❤️❤️",
    "level": "",
    "theme": "",
    "size": 162,
    "publisher": "Grasset",
    "description": "« J'écris de chez les moches, pour les moches, les frigides, les mal baisées, les imbaisables, toutes les exclues du grand marché à la bonne meuf, aussi bien que pour les hommes qui n'ont pas envie d'être protecteurs, ceux qui voudraient l'être mais ne savent pas s'y prendre, ceux qui ne sont pas ambitieux, ni compétitifs, ni bien membrés. Parce que l'idéal de la femme blanche séduisante qu'on nous brandit tout le temps sous le nez, je crois bien qu'il n'existe pas. » V.D.",
    "category": "Fiction"
  },
  {
    "id": 8,
    "title": "Apocalypse Bébé",
    "year": 2010,
    "authors": "Virginie Despentes",
    "url": "https://www.senscritique.com/livre/Apocalypse_Bebe/397657",
    "note": 6.7,
    "image": "https://media.senscritique.com/media/000000055849/150/Apocalypse_Bebe.gif",
    "cdc": "",
    "level": "",
    "theme": "",
    "size": 352,
    "publisher": "Grasset",
    "description": "Valentine disparue... Qui la cherche vraiment ? Entre satire sociale, polar contemporain et romance lesbienne, le nouveau roman de Virginie Despentes est un road-book qui promène le lecteur entre Paris et Barcelone, sur les traces de tous ceux qui ont connu Valentine, l'adolescente égarée... Les différents personnages se croisent sans forcément se recontrer, et finissent par composer, sur ton ton tendre et puissant, le portrait d'une époque.",
    "category": "Fiction"
  },
  {
    "id": 9,
    "title": "Rêves de femmes : Une enfance au harem",
    "year": 1998,
    "authors": "Fatima Mernissi",
    "url": "https://www.senscritique.com/livre/Reves_de_femmes_Une_enfance_au_harem/489867",
    "note": 7.9,
    "image": "https://media.senscritique.com/media/000000014899/150/Reves_de_femmes_Une_enfance_au_harem.jpg",
    "cdc": "",
    "level": "",
    "theme": "",
    "size": 319,
    "category": "Morocco"
  },
  {
    "id": 10,
    "title": "Je sais pourquoi chante l&#039;oiseau en cage",
    "year": 1969,
    "authors": "Maya Angelou",
    "url": "https://www.senscritique.com/livre/Je_sais_pourquoi_chante_l_oiseau_en_cage/184123",
    "note": 8,
    "image": "https://media.senscritique.com/media/000008375693/150/Je_sais_pourquoi_chante_l_oiseau_en_cage.jpg",
    "cdc": "❤️",
    "level": "",
    "theme": "",
    "size": 352,
    "publisher": "Le Livre de Poche",
    "description": "Dans ce récit, considéré aujourd’hui comme un classique de la littérature américaine, Maya Angelou relate son parcours hors du commun, ses débuts d’écrivain et de militante dans l’Amérique des années 1960 marquée par le racisme anti-Noir, ses combats, ses amours. Son témoignage, dénué de la moindre complaisance, révèle une personnalité exemplaire. à la lire, on mesure – mieux encore – le chemin parcouru par la société américaine en moins d’un demi-siècle...",
    "category": "Fiction"
  },
  {
    "id": 11,
    "title": "Une chambre à soi",
    "year": 1929,
    "authors": "Virginia Woolf",
    "url": "https://www.senscritique.com/livre/Une_chambre_a_soi/143366",
    "note": 8,
    "image": "https://media.senscritique.com/media/000000079174/150/Une_chambre_a_soi.jpg",
    "cdc": "❤️",
    "level": "",
    "theme": "",
    "size": 216,
    "publisher": "Le Livre de Poche",
    "description": "« Une femme, pour être en mesure d’écrire, doit avoir de l’argent et une chambre à elle ; et cela, comme vous allez le voir, ne résout en rien le grand problème de ce qu’est la vraie nature de la femme et la vraie nature de la littérature. » Virginia Woolf interroge dans cet essai incontournable toutes les constructions historiques, économiques et sociales qui, au fil des siècles, ont empêché les femmes d’écrire, de penser et de créer avec la même liberté que les hommes. Avec un regard volontairement impertinent et résolument moderne, elle mène une réflexion remarquable sur « les femmes et la littérature », et nous livre un texte féministe intemporel et nécessaire. Traduction et notes de Sophie Chiari. Préface de Lauren Bastide.",
    "category": "Literary Criticism"
  },
  {
    "id": 12,
    "title": "Un troussage de domestique",
    "year": 2011,
    "authors": "Christine Delphy",
    "url": "https://www.senscritique.com/livre/Un_troussage_de_domestique/470624",
    "note": 7.3,
    "image": "https://media.senscritique.com/media/000000177757/150/Un_troussage_de_domestique.jpg",
    "cdc": "",
    "level": "",
    "theme": "",
    "size": 182,
    "publisher": "Editions Syllepse",
    "description": "On a réuni ici quelques-uns des textes écrits par des féministes pendant les premières semaines ayant suivi le 14 mai, date de l'arrestation de Dominique Strauss-Kahn. Pas sur l'affaire judiciaire elle-même. Pas sur le fait de savoir si Dominique Strauss-Kahn est, ou sera, déclaré coupable ou non coupable. Non: le sujet de ce livre, c'est ce que l'immense majorité des réactions de nos \"élites\" disent de la société française, aujourd'hui, en 2011. Des coeurs meurtris des amis ont surgi des cris d'une sincérité rare, qui, perçant le mur de la langue de bois, nous ont révélé la vérité de ces coeurs: ils sont remplis d'une misogynie dont la profondeur n'a d'égale que leur arrogance de classe. Les féministes sont les dernières à croire aux déclarations des politiques sur la \"centralité\" de \"l'égalité hommes-femmes\" dans les \"valeurs françaises\". Et cependant, nous avons été surprises de la distance entre ces versions officielles et les vrais sentiments, de la facilité avec laquelle ils passent d'un discours à l'autre, selon l'opportunité. C'est le sujet de ce livre.",
    "category": "Feminism"
  },
  {
    "id": 13,
    "title": "Masculinités",
    "year": 2014,
    "authors": "Raewyn Connell",
    "url": "https://www.senscritique.com/livre/Masculinites/11465350",
    "note": 7.9,
    "image": "https://media.senscritique.com/media/000006936204/150/Masculinites.jpg",
    "cdc": "",
    "level": "",
    "theme": "",
    "size": 272,
    "publisher": "Editions L'Harmattan",
    "description": "Ce numéro explore divers agencements inventés par des individus assignés femmes pour composer avec la masculinité. En quoi les femmes et les lesbiennes masculines, les trans'ftm (female to male) sont-elles des hommes pas comme les autres ? Les masculinités inventées à partir de leurs expériences ont-elles le pouvoir de modifier le système sexe/genre, jusqu'où, comment ? Quelles sont les relations entre ces masculinités sans hommes et les masculinités hégémoniques, d'un côté, le féminisme, de l'autre ?",
    "category": "Social Science"
  },
  {
    "id": 14,
    "title": "Nous sommes tous des féministes",
    "year": 2014,
    "authors": "Chimamanda Ngozi Adichie",
    "url": "https://www.senscritique.com/livre/Nous_sommes_tous_des_feministes/13342804",
    "note": 7.5,
    "image": "https://media.senscritique.com/media/000009133662/150/Nous_sommes_tous_des_feministes.jpg",
    "cdc": "",
    "level": "",
    "theme": "",
    "size": 80,
    "publisher": "Editions Gallimard",
    "description": "'Partout dans le monde, la question du genre est cruciale. Alors j’aimerais aujourd’hui que nous nous mettions à rêver à un monde différent et à le préparer. Un monde plus équitable. Un monde où les hommes et les femmes seront plus heureux et plus honnêtes envers eux-mêmes. Et voici le point de départ : nous devons élever nos filles autrement. Nous devons élever nos fils autrement.' Dans ces deux discours, Chimamanda Ngozi Adichie porte une voix, rare et puissante, d’émancipation.",
    "category": "Fiction"
  },
  {
    "id": 15,
    "title": "Une si longue lettre",
    "year": 1979,
    "authors": "Mariama Bâ",
    "url": "https://www.senscritique.com/livre/Une_si_longue_lettre/437026",
    "note": 7.4,
    "image": "https://media.senscritique.com/media/000000053314/150/Une_si_longue_lettre.jpg",
    "cdc": "",
    "level": "",
    "theme": "",
    "size": 96,
    "publisher": "FeniXX",
    "description": "Etude critique de ce roman publié en 1979 par la romancière sénégalaise M. Bâ (1929-1981) et pour lequel elle a obtenu le prix Noma en 1980. Deux destins de femmes sur fond commun de polygamie. « Copyright Electre »",
    "category": "Literary Collections"
  },
  {
    "id": 16,
    "title": "La Salope éthique",
    "year": 2013,
    "authors": "Dossie Easton et Janet W. Hardy",
    "url": "https://www.senscritique.com/livre/La_Salope_ethique/10757354",
    "note": 7.9,
    "image": "https://media.senscritique.com/media/000006193213/150/La_Salope_ethique.jpg",
    "cdc": "",
    "level": "",
    "theme": "",
    "size": 350,
    "description": "En 1997, un objet littéraire non identifié en provenance des États-Unis nous percutait de plein fouet : The Ethical Slut de Dossie Easton et Janet W Hardy, autrement dit La Salope éthique...Mais quelle était donc cette créature singulière, cette salope autoproclamée et de plus douée d’un sens éthique ? Dans certains cercles avertis l’ouvrage eut un retentissement considérable. Très rapidement il devint la bible de celles et ceux à qui la perspective de la monogamie-jusqu’à-ce-que-la-mort-nous-sépare semblait un tout petit peu terne. Ainsi La Salope Éthique revendiquait le droit de sortir des sentiers battus. Héritière du libertinage et de l’amour libre, elle faisait l’apologie du \"polyamour\"...sans pour autant invalider la monogamie choisie après mûres réflexions. \"Polyamour ?\" Vous voulez dire \"polygamie ?\" Pas exactement. Pour expliquer le polyamour il suffit de prendre en compte les postulats inébranlables sur lesquels il repose : consentement et consensualité, introspection lucide, limites personnelles claires et précises, respect de ces limites ainsi que de celles d’autrui, communication honnête, désir de garantir le bien-être de l’ensemble des partenaires... et puis fidélité. Eh oui, de même que le concept de \"salope abstinente\" n’est, comme vous le découvrirez dans cet ouvrage, pas un oxymore, la fidélité fait bel et bien partie intégrante des relations multiples. Car fidélité signifie avant tout respect des engagements pris ! Déconstruisant allègrement les mythes et les fondements de l’Occident en matière d’amours et de sexualités, Dossie Easton et Janet W. Hardy ont mis, dans cet ouvrage mis à jour et adapté à notre culture, leur expérience à notre service pour nous offrir une magnifique boîte à outils relationnelle. Désapprentissage de la jalousie, disputes équitables, conflits constructifs, ruptures sereines, tout en baignant dans une abondance d’amour et d’amitié...tout cela est devenu de l’ordre du possible pour les salopes éthiques. Une salope éthique donc, mais aussi épanouie, en harmonie avec le monde et débordante d’humanité. Un guide de vie qui concerne tout le monde au-delà du sexe, du genre et de la sexualité !",
    "category": null
  },
  {
    "id": 17,
    "title": "Elles sont 300.000 chaque année",
    "year": 2009,
    "authors": "Simone Veil",
    "url": "https://www.senscritique.com/livre/Elles_sont_300_000_chaque_annee/11221354",
    "note": 8.2,
    "image": "https://media.senscritique.com/media/000006772286/150/Elles_sont_300_000_chaque_annee.jpg",
    "cdc": "",
    "level": "",
    "theme": "",
    "size": 430,
    "publisher": "Esf Editeur",
    "description": "Cet ouvrage est un recueil unique de l'ensemble des textes qui ont marqué l'histoire des institutions, des droits de l'homme, de la santé, du travail et du droit social. Ce voyage à travers sept siècles d'histoire permet de comprendre comment, depuis la naissance tourmentée et le développement toujours incertain de la solidarité, s'est construite la politique d'action sociale que nous connaissons aujourd'hui. L'avancée de la solidarité ne s'est pas faite sur le seul plan de l'action sociale. Les préoccupations furent d'abord et longtemps sanitaires, tant les épidémies étaient dévastatrices. Longtemps aussi, la primauté a été donnée à l'ordre public sur les droits de l'Homme : on protège d'abord la société du mendiant. Dans cette rétrospective, on verra que la sécurité sociale et l'action sociale ne sont nées qu'au cours du XXe siècle, bien longtemps après les fondements de la santé publique, des conditions de travail et les bases des droits de l'homme. Voici un ouvrage qui devrait faire date. Outil de travail naturel pour les chercheurs et enseignants en sciences sociales, politiques et en histoire, il devrait intéresser tous les étudiants et professionnels de la santé, du travail, du social, les hommes et les femmes qui luttent pour enraciner les droits de l'Homme au cœur de notre civilisation, ceux qui cherchent à approfondir leur pratique, ceux soucieux de développer leur formation. À sa lecture, on comprend mieux que l'aventure de la solidarité, cette chaîne d'espérance à travers les siècles, valeur parmi les plus fortes de notre civilisation, n'est pas près de s'achever. Tant les défis restent à relever, les souffrances à apaiser, ici ou ailleurs.",
    "category": "Social legislation"
  },
  {
    "id": 18,
    "title": "Le Deuxième sexe, II",
    "year": 1949,
    "authors": "Simone de Beauvoir",
    "url": "https://www.senscritique.com/livre/Le_Deuxieme_sexe_II/495970",
    "note": 7.8,
    "image": "https://media.senscritique.com/media/000017911171/150/Le_Deuxieme_sexe_II.png",
    "cdc": "❤️",
    "level": "",
    "theme": "",
    "category": "Women"
  },
  {
    "id": 19,
    "title": "Noire n'est pas mon métier",
    "year": 2018,
    "authors": "France Zobda, Karidja Touré et Assa Sylla",
    "url": "https://www.senscritique.com/livre/Noire_n_est_pas_mon_metier/32912162",
    "note": 7.5,
    "image": "https://media.senscritique.com/media/000017774472/150/Noire_n_est_pas_mon_metier.png",
    "cdc": "❤️",
    "level": "",
    "theme": "",
    "size": 126,
    "publisher": "Média Diffusion",
    "description": "Nadege Beausson-Diagne - Mata Gabin - Maïmouna Gueye - Eye Haïdara - Rachel Khan - Aïssa Maïga - Sara Martins - Marie-Philomène NGA - Sabine Pakora - Firmine Richard - Sonia Rolland - Magaajyia Silberfeld - Shirley Souagnon - Assa Sylla - Karidja Touré - France Zobda Stéréotypes, racisme et diversité : 16 actrices témoignent",
    "category": "Political Science"
  },
  {
    "id": 20,
    "title": "Laëtitia",
    "year": 2016,
    "authors": "Ivan Jablonka",
    "url": "https://www.senscritique.com/livre/Laetitia/21205987",
    "note": 7.3,
    "image": "https://media.senscritique.com/media/000016286312/150/Laetitia.jpg",
    "cdc": "",
    "level": "",
    "theme": "",
    "size": 400,
    "publisher": "Média Diffusion",
    "description": "Dans la nuit du 18 au 19 janvier 2011, Laëtitia Perrais a été enlevée à 50 mètres de chez elle, avant d'être poignardée et étranglée. Il a fallu des semaines pour retrouver son corps. Elle avait 18 ans. Ce fait divers s'est transformé en affaire d'État : Nicolas Sarkozy, alors président de la République, a reproché aux juges de ne pas avoir assuré le suivi du \" présumé coupable \", précipitant 8 000 magistrats dans la rue. Ivan Jablonka a rencontré les proches de la jeune fille et les acteurs de l'enquête, avant d'assister au procès du meurtrier en 2015. Il a étudié le fait divers comme un objet d'histoire, et la vie de Laëtitia comme un fait social. Car, dès sa plus jeune enfance, Laëtitia a été maltraitée, accoutumée à vivre dans la peur, et ce parcours de violences éclaire à la fois sa fin tragique et notre société tout entière : un monde où les femmes se font harceler, frapper, violer, tuer. Prix Médicis 2016.",
    "category": "Political Science"
  },
  {
    "id": 21,
    "title": "Les trois médecins",
    "year": 2006,
    "authors": "Martin Winckler",
    "url": "https://www.senscritique.com/livre/Les_trois_medecins/261110",
    "note": 8.2,
    "image": "https://media.senscritique.com/media/000000136489/150/Les_trois_medecins.jpg",
    "cdc": "",
    "level": "",
    "theme": "",
    "size": 525,
    "publisher": "POL Editeur",
    "description": "Un médecin, ça n'a pas toujours été médecin. Il a bien fallu qu'il le devienne. Bruno Sachs, le personnage déjà rencontré dans La Vacation (1989) et La Maladie de Sachs (1998), n'échappe pas à la règle. S'il est devenu le médecin qu'il est devenu, c'est grâce, malgré ou à cause des longues années de formation qu'il a passées à la faculté de médecine de Tourmens, dans les années soixante-dix. Raconter ces sept années de faculté, c'était montrer que devenir médecin c'est vivre plusieurs romans à la fois : un roman de... formation médicale, bien sûr ; mais aussi un roman d'amour ; un roman qui parle de pouvoir et de politique ; un roman sur l'amitié ; un roman où l'on vit, où l'on se bat et ou l'on meurt – bref, un roman d'aventures.",
    "category": "Fiction"
  },
  {
    "id": 22,
    "title": "Le sujet du féminisme est-il blanc ?",
    "year": 2015,
    "authors": "Naïma Hamrouni et Chantal Maillé",
    "url": "https://www.senscritique.com/livre/Le_sujet_du_feminisme_est_il_blanc/19257237",
    "note": "N/A",
    "image": "https://media.senscritique.com/media/000013643455/150/Le_sujet_du_feminisme_est_il_blanc.jpg",
    "cdc": "",
    "level": "",
    "theme": "",
    "size": 276,
    "category": "Social Science"
  },
  {
    "id": 23,
    "title": "Femmes, race et classe",
    "year": 1981,
    "authors": "Angela Davis",
    "url": "https://www.senscritique.com/livre/Femmes_race_et_classe/61550",
    "note": 8.5,
    "image": "https://media.senscritique.com/media/000000140690/150/Femmes_race_et_classe.gif",
    "cdc": "",
    "level": "",
    "theme": "",
    "size": 189,
    "publisher": "Editions des Femmes",
    "description": "\" Le système esclavagiste définissait les Noirs comme une marchandise humaine. Puisque les femmes étaient considérées comme des unités de travail productrices de profit au même titre que les hommes, leurs propriétaires ne faisaient aucune différence entre les sexes. Un universitaire affirme ; \"La femme esclave était la servante perpétuelle de son propriétaire et, fortuitement, épouse, mère et femme au foyer.\" Si l'on se réfère aux tendances de la nouvelle idéologie de la féminité au XIXe siècle, la glorification des mères nourricières, douces compagnes et maîtresses de maison, transformait les femmes noires en anomalies. \"",
    "category": null
  },
  {
    "id": 24,
    "title": "Porno Manifesto",
    "year": 2004,
    "authors": "Ovidie",
    "url": "https://www.senscritique.com/livre/Porno_Manifesto/465966",
    "note": 6.5,
    "image": "https://media.senscritique.com/media/000000016541/150/Porno_Manifesto.jpg",
    "cdc": "",
    "level": "",
    "theme": "",
    "size": 225,
    "description": "\" Je suis une \" travailleuse du sexe \", comme diraient mes consœurs américaines. Et cela, beaucoup de journalistes qui ont écrit des articles sur moi ou m'ont invitée sur des plateaux de télévision semblent l'avoir oublié. Les médias ont beaucoup parlé de mon \" discours intellectuel \", de ma démarche, parfois de mon féminisme, et trop souvent de mes études de philosophie. Comme s'ils s'étaient raccrochés à des choses rassurantes qui leur permettaient d'oublier ce qui les gênait vraiment et ce qu'ils ne parvenaient pas à comprendre : j'étais, je suis, une femme qui fait des films porno devant et derrière la caméra. \"",
    "category": "Erotic films"
  },
  {
    "id": 25,
    "title": "Les joies d'en bas - Tout sur le sexe féminin",
    "year": 2018,
    "authors": "Ellen Stokken Dahl et Nina Brochmann",
    "url": "https://www.senscritique.com/livre/Les_joies_d_en_bas_Tout_sur_le_sexe_feminin/29627058",
    "note": 8,
    "image": "https://media.senscritique.com/media/000017557322/150/Les_joies_d_en_bas_Tout_sur_le_sexe_feminin.jpg",
    "cdc": "",
    "level": "",
    "theme": "",
    "size": 448,
    "publisher": "Éditions Actes Sud",
    "description": "Vous pensez tout savoir sur l’appareil génital féminin car on en parle beaucoup dans les magazines et sur Internet. Eh bien, détrompez-vous. Les Joies d’en bas, livre écrit par deux futurs médecins norvégiens et traduit dans une trentaine de langues, dissipe enfin un ensemble de mythes entourant le sexe. Non, on ne peut pas constater médicalement si une fille est encore vierge. Non, l’orgasme purement “vaginal” n’existe pas. Vous allez découvrir la face cachée du clitoris, comprendre la ronde des hormones qui orchestrent les menstruations, faire le point sur les différents types de contraception et mettre le doigt sur le Point G. En faisant état des tout derniers résultats de la recherche, ce livre savant et joyeux nous dit : pour être fière de son sexe, il faut le connaître. Véritable mine d’information et triomphe du “gai savoir”, Les Joies d’en bas en réjouiront plus d’un(e).",
    "category": "Medical"
  },
  {
    "id": 26,
    "title": "En finir avec la culture du viol",
    "year": 2018,
    "authors": "Noémie Renard",
    "url": "https://www.senscritique.com/livre/En_finir_avec_la_culture_du_viol/30083578",
    "note": 7.8,
    "image": "https://media.senscritique.com/media/000017581712/150/En_finir_avec_la_culture_du_viol.png",
    "cdc": "",
    "level": "",
    "theme": "",
    "size": 178,
    "description": "Les violences sexuelles envers les femmes n'apparaissent pas spontanément. Elles ne font pas partie de la \"nature humaine\" ni ne sont le résultat d'incontrôlables pulsions masculines. Elles ont des causes sociales - impunité des agresseurs, idées reçues sur la sexualité, inégalités structurelles - qui forment ce que l'on appelle une \"culture du viol\". Cela va de remarques apparemment anodines qui culpabilisent les victimes à un traitement trop fréquent des viols comme des délits plutôt que comme des crimes devant les tribunaux ; de formules pour excuser les agresseurs à une remise en cause systématique de la parole des femmes qui dénoncent des agressions. En France, chaque année, entre 60 000 et 100 000 femmes sont victimes de viol ou de tentative de viol. Environ 16% des Françaises auraient subi une telle agression au cours de leur vie. Et les viols ne représentent que la partie émergée d'un iceberg : celui des violences sexuelles, à la maison, au travail ou dans la rue. Or ces violences ont des conséquences graves : elles minent la confiance et limitent la liberté par la peur qu'elles instaurent. Elles constituent une atteinte aux droits et à la dignité des personnes et consolident la domination masculine. Mais cette situation n'est pas une fatalité. C'est pourquoi il est important d'identifier les éléments culturels qui servent de justification et de terreau à ces actes, afin de proposer des pistes qui permettront d'y mettre fin.",
    "category": null
  },
  {
    "id": 27,
    "title": "La Fabrication du consentement",
    "year": 1988,
    "authors": "Noam Chomsky et Edward S. Herman",
    "url": "https://www.senscritique.com/livre/La_Fabrication_du_consentement/234925",
    "note": 8.1,
    "image": "https://media.senscritique.com/media/000017244754/150/La_Fabrication_du_consentement.jpg",
    "cdc": "",
    "level": "",
    "theme": "",
    "size": 653,
    "description": "Les médias constituent un système qui sert à communiquer des messages et des symboles à la population. Ils ont vocation à distraire, amuser, informer, et à inculquer aux individus les croyances et codes comportementaux qui les intégreront aux structures sociales au sens large. Dans un monde où les richesses sont fortement concentrées et où les intérêts de classe entrent en conflit, accomplir cette intégration nécessite une propagande systématique. Une modélisation de la propagande se focalise sur la prodigieuse inégalité dans la capacité de contrôle des moyens de production ; et ce qu'elle implique tant du point de vue de l'accès à un système de médias privés que de leurs choix et fonctionnements. Le modèle permet de reconstituer par quels processus le pouvoir et l'argent sélectionnent les informations.",
    "category": "Mass media"
  },
  {
    "id": 28,
    "title": "Les Couilles sur la table",
    "year": 2019,
    "authors": "Victoire Tuaillon",
    "url": "https://www.senscritique.com/livre/Les_Couilles_sur_la_table/40628729",
    "note": 8,
    "image": "https://media.senscritique.com/media/000018972169/150/Les_Couilles_sur_la_table.jpg",
    "cdc": "",
    "level": "",
    "theme": "",
    "size": 255,
    "category": null
  },
  {
    "id": 29,
    "title": "Refuser d'être un homme : pour en finir avec la virilité",
    "year": 1989,
    "authors": "John Stoltenberg",
    "url": "https://www.senscritique.com/livre/Refuser_d_etre_un_homme_pour_en_finir_avec_la_virilite/10854731",
    "note": 6.3,
    "image": "https://media.senscritique.com/media/000006779851/150/Refuser_d_etre_un_homme_pour_en_finir_avec_la_virilite.jpg",
    "cdc": "",
    "level": "",
    "theme": "",
    "size": 268,
    "description": "L'identité masculine en tant que rapport social doit être transformée : tel est postulat de ce livre. L'identité sexuelle masculine, la pornographie, la suprématie masculine et le militantisme proféministe, autant de questions qu'aborde cet ouvrage venu classique outre - atlantique. Au-delà des \" stéréotypes \", John Stoltenberg montre l'investissement actif dans le pouvoir sur l'autre instillé dans le rapport aux femmes et aux hommes, dans la sexualité et le contrôle social de la procréation et, en fin de compte, dans l'identité sexuelle masculine elle-même. Ce livre ouvre l'espoir d'un changement basé sur le consentement, la réciprocité et le respect dans les relations entre les hommes et les femmes. Les hommes ont le choix, nous dit John Stoltenberg, ils peuvent refuser l'identité masculine dominante. Au moment où se multiplient les tentatives de restauration de la virilité (ébranlée par le mouvement des femmes), sous le prétexte de rétablir les droits soi-disant bafoués des hommes, il témoigne de la construction sociale de la virilité dans ses différentes conséquences (viol, homophobie, chosification sexuelle, pornographie, violence conjugale, militarisme et contrôle masculin de la procréation des femmes). Ses coups de sonde trouvent dans la culture occidentale et dans le quotidien des hommes - homosexuels comme hétérosexuels - des résistances et des accointances au projet radical d'une véritable égalité sexuelle. Cet essai traduit les idées féministes dans une vision du monde et une identité morale que peuvent revendiquer et incarner sans fausse honte les hommes.",
    "category": null
  },
  {
    "id": 30,
    "title": "Le racisme est un problème de blancs",
    "year": 2018,
    "authors": "Reni Eddo-Lodge",
    "url": "https://www.senscritique.com/livre/Le_racisme_est_un_probleme_de_blancs/37631136",
    "note": 7.6,
    "image": "https://media.senscritique.com/media/000018084628/150/Le_racisme_est_un_probleme_de_blancs.jpg",
    "cdc": "",
    "level": "",
    "theme": "",
    "size": 296,
    "publisher": "Autrement",
    "description": "«Quand des Blancs feuillettent un magazine, surfent sur Internet ou zappent à la télévision, il ne leur semble jamais étrange de voir des gens qui leur ressemblent en position d'autorité. Les affirmations positives de la blanchité sont tellement répandues que le Blanc moyen ne les remarque même pas. Être blanc, c'est être humain ; être blanc, c'est universel. Je ne le sais que trop, car je ne suis pas blanche.» Après l'élection de Barack Obama, certains ont proclamé l'avènement d'une société post-raciale. Avec une liberté de ton décapante, Reni Eddo-Lodge montre ici combien nous en sommes loin. Elle analyse les méfaits d'un racisme structurel persistant d'autant plus sournois qu'il avance masqué. Car le racisme va bien au-delà de la discrimination ou de l'injure personnelle. Il imprègne le récit historique, l'imaginaire collectif, les institutions et les entreprises. Pourquoi les Blancs pensent-ils ne pas avoir d'identité raciale? Pourquoi la simple idée d'un James Bond noir fait-elle scandale? Comment une fillette noire en vient-elle à se persuader qu'en grandissant, elle deviendra blanche? Le racisme n'est pas une question de valeur morale, mais d'exercice du pouvoir. Entretenir la légende d'une égalité universelle n'aide en rien. Au contraire. Car, pour déconstruire le racisme, il faut commencer par reconnaître l'étendue du privilège blanc.",
    "category": "Psychology"
  },
  {
    "id": 31,
    "title": "Ni vues ni connues",
    "year": 2017,
    "authors": "Unknown",
    "url": "https://www.senscritique.com/livre/Ni_vues_ni_connues/28120051",
    "note": 7.9,
    "image": "https://media.senscritique.com/media/000017310307/150/Ni_vues_ni_connues.jpg",
    "cdc": "",
    "level": "",
    "theme": "",
    "size": 270,
    "publisher": "Hugo Document",
    "description": "Comprendre pourquoi il n'y a pas ou peu de femmes dans les livres d'histoire. Aider les femmes à ne pas tomber dans le mécanisme de l'invisibilisation. Pourquoi les noms comme les exploits des femmes n'apparaissent-ils ni sur les plaques des rues ni dans les manuels scolaires ? N'auraient-elles donc rien fait qui vaille la peine qu'elles soient reconnues ? Pourtant, de plus près, en balayant les légendes, en soulevant les tapis, en fouillant les placards, on découvre que l'Histoire qui est enseignée n'a pas retenu le nom de la femme qui affirme l'existence du système solaire avant Galilée, invente l'art abstrait avant Kandinsky, ou théorise les pulsions de mort avant Freud...Mais pourquoi, et surtout comment ? En décortiquant les mécanismes qui ont fait tomber les 75 femmes de ce livre aux oubliettes, le collectif Georgette Sand met en lumière sur un ton décalé ce qui a été occulté, spolié ou fantasmé. Il révèle également que ce qui rend invisible n'est pas une fatalité et peut même être désamorcé très simplement : pour être reconnues, il faut être connues, et pour être connues, il faut être vues.",
    "category": "Social Science"
  },
  {
    "id": 32,
    "title": "Théorie féministe",
    "year": 1984,
    "authors": "Bell Hooks",
    "url": "https://www.senscritique.com/livre/Theorie_feministe/23127878",
    "note": 8.6,
    "image": "https://media.senscritique.com/media/000016894627/150/Theorie_feministe.jpg",
    "cdc": "",
    "level": "",
    "theme": "",
    "size": 185,
    "publisher": "Editions L'Harmattan",
    "description": "Avec cet ouvrage, Tania Modleski propose, sur un cinéaste depuis longtemps adulé par la cinéphilie française, des vues complètement nouvelles qui réconcilient les approches socioculturelles et esthétiques, si souvent antagonistes en France. A travers l'analyse détaillée de sept films phares de sa longue carrière, Chantage, Meurtre, Rebecca, Les Enchaînés, Fenêtre sur cour, Vertigo et Frenzy, elle montre que le propos central d'Hitchcock concerne la construction sociale et psychologique des identités et des rapports de sexe, et que sa capacité à s'identifier et à nous faire nous identifier à des protagonistes aussi bien masculins que féminins exprime l'ambivalence fondamentale de son rapport aux femmes. Ni misogyne, ni féministe, Hitchcock nous émeut parce qu'il nous renvoie à nos propres contradictions et à nos propres souffrances. Cet ouvrage est une contribution majeure aux débats théoriques sur les représentations des identités et des rapports de sexe au cinéma et sur le rapport du film à ses publics, au-delà des positions manichéennes auxquelles se réduit trop souvent ce débat.",
    "category": null
  },
  {
    "id": 33,
    "title": "Baise-moi",
    "year": 1993,
    "authors": "Virginie Despentes",
    "url": "https://www.senscritique.com/livre/Baise_moi/15658",
    "note": 6,
    "image": "https://media.senscritique.com/media/000017221601/150/Baise_moi.jpg",
    "cdc": "",
    "level": "",
    "theme": "",
    "size": 236,
    "publisher": "Grasset",
    "description": "\"Nadine se regarde dans la vitrine de la pharmacie. Sa jupe la serre trop, elle remonte quand elle marche. On lui voit tout son cul qui ondule et qui veut qu'on la baise. Quand elle va travailler, elle a toujours la même tenue, toujours le même parfum, toujours le même rouge à lèvres. Comme si elle avait réfléchi à quel costume endosser et elle ne voulait plus en entendre parler. Ceux qu'elle croise la regardent différemment quand elle a sa tenue de tapin. Elle dévisage les gens, tous les messieurs qu'elle croise peuvent l'avoir. Même les plus vieux et les plus sales peuvent venir sur elle. Pourvu qu'ils paient comptant, elle se couche sur le dos pour servir à n'importe qui. Métro Charpennes. Elle marche vite. Claquent les talons de l'asphalteuse...\" Baise-moi fut publié en 1993. On découvrit un écrivain : Virginie Despentes.",
    "category": "Fiction"
  },
  {
    "id": 34,
    "title": "Ceci est mon sang",
    "year": 2017,
    "authors": "Elise Thiébaut",
    "url": "https://www.senscritique.com/livre/Ceci_est_mon_sang/23197203",
    "note": 7.7,
    "image": "https://media.senscritique.com/media/000016736384/150/Ceci_est_mon_sang.jpg",
    "cdc": "❤️",
    "level": "",
    "theme": "",
    "size": 217,
    "publisher": "La Découverte",
    "description": "Avoir ses \" ourses \", ses \" ragnagnas \", ses \" coquelicots \" ou \" l'Armée rouge dans sa culotte \" ... Quelle que soit la façon dont on l'appelle, ce phénomène naturel qui consiste, pour les femmes, à perdre un peu de sang tous les mois (sans en mourir !) reste un tabou dans toutes les sociétés. Pour en finir avec cette injustice, Élise Thiébaut nous propose d'explorer les dessous des règles : elle nous fait découvrir les secrets de l'ovocyte kamikaze, l'histoire étonnante des protections périodiques, les mythes et superstitions véhiculés notamment par les religions... Et bien d'autres choses encore sur ce fluide qui, selon les dernières avancées de la science, pourrait bien nous sauver la vie. Alors, l'heure est-elle venue de changer les règles ? La révolution menstruelle, en tout cas, est en marche. Et ce sera la première au monde à être à la fois sanglante et pacifique.",
    "category": "Social Science"
  },
  {
    "id": 35,
    "title": "Mon histoire",
    "year": 2018,
    "authors": "Rosa Parks",
    "url": "https://www.senscritique.com/livre/Mon_histoire/38085580",
    "note": 8,
    "image": "https://media.senscritique.com/media/000018159526/150/Mon_histoire.jpg",
    "cdc": "",
    "level": "",
    "theme": "",
    "size": 220,
    "publisher": "Libertalia",
    "description": "Dans ce récit autobiographique rédigé avec l’aide du journaliste Jim Haskins, Rosa Parks revient sur son enfance modeste et studieuse, son rejet du racisme et du sexisme. Elle évoque tour à tour ses diverses professions : couturière, aide-soignante, puis conseillère du représentant démocrate du Michigan, l’Afro-Américain John Conyers. Puis ses débuts dans le militantisme au côté de son mari Raymond Parks au sein de la NAACP, et son combat de toute une vie pour la justice et l’égalité des droits, et ce jusqu’à la « Million Man March », qui rassembla plus d'un million de Noirs à Washington en octobre 1995. Pour Rosa Parks, il ne faut jamais baisser la tête et œuvrer pour la dignité et un monde meilleur, un combat à la portée de toutes et tous. Rosa Parks (née le 4 février 1913 en Alabama et morte le 24 octobre 2005 à Détroit), est une figure emblématique de la lutte contre la ségrégation raciale aux États-Unis, ce qui lui valut le surnom de « mère du mouvement des droits civiques ». Elle est devenue célèbre le 1er décembre 1955, à Montgomery (Alabama) en refusant de céder sa place à un passager blanc dans l’autobus conduit par James F. Blake.",
    "category": "History"
  },
  {
    "id": 36,
    "title": "Trouble dans le genre",
    "year": 1990,
    "authors": "Judith Butler",
    "url": "https://www.senscritique.com/livre/Trouble_dans_le_genre/270394",
    "note": 7.2,
    "image": "https://media.senscritique.com/media/000000118709/150/Trouble_dans_le_genre.jpg",
    "cdc": "❤️",
    "level": "",
    "theme": "",
    "size": 263,
    "publisher": "La Découverte",
    "description": "Dans cet ouvrage majeur publié en 1990 aux États-Unis, la philosophe Judith Butler invite à penser le trouble qui perturbe le genre pour définir une politique féministe sans le fondement d'une identité stable. Ce livre désormais classique est au principe de la théorie et de la politique queer : non pas solidifier la communauté d'une contre-culture, mais bousculer l'hétérosexualité obligatoire en la dénaturalisant. Il ne s'agit pas d'inversion, mais de subversion. Judith Butler localise les failles qui témoignent, à la marge, du dérèglement plus général de ce régime de pouvoir. En même temps, elle questionne les injonctions normatives qui constituent les sujets sexuels. Jamais nous ne parvenons à nous conformer tout à fait aux normes : entre genre et sexualité, il y a toujours du jeu. Le pouvoir ne se contente pas de réprimer ; il ouvre en retour, dans ce jeu performatif, la possibilité d'inventer de nouvelles formations du sujet. La philosophe relit Foucault, Freud, Lacan et Lévi-Strauss, mais aussi Beauvoir, Irigaray, Kristeva et Wittig, afin de penser, avec et contre eux, sexe, genre et sexualité – nos désirs et nos plaisirs. Pour jeter le trouble dans la pensée, Judith Butler donne à voir le trouble qui est déjà dans nos vies",
    "category": "Social Science"
  },
  {
    "id": 37,
    "title": "Les Putes voilées n'iront jamais au paradis !",
    "year": 2016,
    "authors": "Chahdortt Djavann",
    "url": "https://www.senscritique.com/livre/Les_Putes_voilees_n_iront_jamais_au_paradis/18823806",
    "note": 7.6,
    "image": "https://media.senscritique.com/media/000015200186/150/Les_Putes_voilees_n_iront_jamais_au_paradis.jpg",
    "cdc": "",
    "level": "",
    "theme": "",
    "size": 208,
    "publisher": "Grasset",
    "description": "Ce roman vrai, puissant à couper le souffle, fait alterner le destin parallèle de deux gamines extraordinairement belles, séparées à l’âge de douze ans, et les témoignages d’outre-tombe de prostituées assassinées, pendues, lapidées en Iran. Leurs voix authentiques, parfois crues et teintées d’humour noir, surprennent, choquent, bousculent préjugés et émotions, bouleversent. Ces femmes sont si vivantes qu’elles resteront à jamais dans notre mémoire. À travers ce voyage au bout de l’enfer des mollahs, on comprend le non-dit de la folie islamiste : la haine de la chair, du corps féminin et du plaisir. L’obsession mâle de la sexualité et la tartufferie de ceux qui célèbrent la mort en criant « Allah Akbar ! » pour mieux lui imputer leurs crimes. Ici, la frontière entre la réalité et la fiction est aussi fine qu’un cheveu de femme.",
    "category": "Fiction"
  },
  {
    "id": 38,
    "title": "Chez soi",
    "year": 2015,
    "authors": "Mona Chollet",
    "url": "https://www.senscritique.com/livre/Chez_soi/13600399",
    "note": 8.2,
    "image": "https://media.senscritique.com/media/000009525398/150/Chez_soi.jpg",
    "cdc": "",
    "level": "",
    "theme": "",
    "size": 325,
    "publisher": "La Découverte",
    "description": "La maison, le chez-soi : de ce sujet, on a souvent l'impression qu'il n'y a rien à dire. Pourtant, la maison est aussi une base arrière où l'on peut se protéger, refaire ses forces, se souvenir de ses désirs, résister à l'éparpillement et à la dissolution. Un bel essai, intelligent et sensible, par l'auteure de Beauté fatale. Le foyer, un lieu de repli frileux où l'on s'avachit devant la télévision en pyjama informe ? Sans doute. Mais aussi, dans une époque dure et désorientée, une base arrière où l'on peut se protéger, refaire ses forces, se souvenir de ses désirs. Dans l'ardeur que l'on met à se blottir chez soi ou à rêver de l'habitation idéale s'exprime ce qu'il nous reste de vitalité, de foi en l'avenir. Ce livre voudrait montrer la sagesse des casaniers, injustement dénigrés. Mais il explore aussi la façon dont ce monde que l'on croyait fuir revient par la fenêtre. Difficultés à trouver un logement abordable, ou à profiter de son chez-soi dans l'état de \" famine temporelle \" qui nous caractérise. Ramifications passionnantes de la simple question : \" Qui fait le ménage ? \" ; persistance du modèle du bonheur familial, alors même que l'on rencontre des modes de vie bien plus inventifs... Autant de préoccupations à la fois intimes et collectives, passées ici en revue comme on range et nettoie un intérieur empoussiéré : pour tenter d'y voir plus clair et de se sentir mieux.",
    "category": "Social Science"
  },
  {
    "id": 39,
    "title": "Pourquoi les femmes gagnent elles moins que les hommes ? Les mécanismes psychosociaux du plafond de verre",
    "year": 2011,
    "authors": "Brigitte Laloupe",
    "url": "https://www.senscritique.com/livre/Pourquoi_les_femmes_gagnent_elles_moins_que_les_hommes_Les_m/414128",
    "note": 7.2,
    "image": "https://media.senscritique.com/media/000000080757/150/Pourquoi_les_femmes_gagnent_elles_moins_que_les_hommes_Les_m.jpg",
    "cdc": "",
    "level": "",
    "theme": "",
    "size": 168,
    "publisher": "",
    "description": "« À travail égal, salaire égal » : voici un beau principe entériné par la loi française... Alors comment expliquer qu'à poste équivalent, une femme gagne aujourd'hui 15 % de moins qu'un homme ? Pourquoi, malgré les lois sur la parité, malgré l'évolution des mentalités et de la société, les femmes sont-elles encore si peu à occuper des postes de direction ? Il semble que nous soyons conditionnés, hommes comme femmes, à maintenir par nos comportements les inégalités entre les deux sexes. Professionnellement, les femmes se heurtent ainsi au fameux « plafond de verre », cet obstacle invisible qui les empêche d'accéder aux postes les plus prestigieux ou de prétendre à une rémunération identique à celle de leurs collègues masculins. Avec verve et perspicacité, et tout en s'appuyant sur de nombreuses études et expérimentations extrêmement édifiantes, Brigitte Laloupe décrypte ici les mécanismes psychosociaux qui sont à l'oeuvre. Elle analyse les stéréotypes qui nous sont inculqués depuis l'enfance et que nous véhiculons malgré nous, et montre en quoi les attributs de la dominance restent dans l'inconscient collectif l'apanage des hommes. Elle donne ainsi des pistes de réflexion et d'action pour permettre aux femmes de devenir les actrices de leur propre changement en levant des obstacles qui n'ont plus raison d'être. Nul besoin d'être féministe pour souhaiter en finir avec le « rose pour les filles, bleu pour les garçons »... Ce livre s'adresse à toutes et à tous !",
    "category": "Self-Help"
  },
  {
    "id": 40,
    "title": "The Sexual Politics of Meat",
    "year": 2015,
    "authors": "Carol J. Adams",
    "url": "https://www.senscritique.com/livre/The_Sexual_Politics_of_Meat/17733483",
    "note": "N/A",
    "image": "https://media.senscritique.com/media/000012033410/150/The_Sexual_Politics_of_Meat.jpg",
    "cdc": "",
    "level": "",
    "theme": "",
    "size": 352,
    "publisher": "Bloomsbury Publishing USA",
    "description": "The Sexual Politics of Meat is Carol Adams' inspiring and controversial exploration of the interplay between contemporary society's ingrained cultural misogyny and its obsession with meat and masculinity. First published in 1990, the book has continued to change the lives of tens of thousands of readers into the second decade of the 21st century. Published in the year of the book's 25th anniversary, the Bloomsbury Revelations edition includes a substantial new afterword, including more than 20 new images and discussions of recent events that prove beyond doubt the continuing relevance of Adams' revolutionary book.",
    "category": "Social Science"
  },
  {
    "id": 41,
    "title": "Beauté fatale",
    "year": 2012,
    "authors": "Mona Chollet",
    "url": "https://www.senscritique.com/livre/Beaute_fatale/468948",
    "note": 8,
    "image": "https://media.senscritique.com/media/000000174617/150/Beaute_fatale.jpg",
    "cdc": "",
    "level": "",
    "theme": "",
    "size": 263,
    "publisher": "La Découverte",
    "description": "Soutiens-gorge rembourrés pour fillettes, obsession de la minceur, banalisation de la chirurgie esthétique, prescription insistante du port de la jupe comme symbole de libération : la \" tyrannie du look \" affirme aujourd'hui son emprise pour imposer la féminité la plus stéréotypée. Décortiquant presse féminine, discours publicitaires, blogs, séries télévisées, témoignages de mannequins et enquêtes sociologiques, Mona Chollet montre dans ce livre comment les industries du \" complexe mode-beauté \" travaillent à maintenir, sur un mode insidieux et séduisant, la logique sexiste au cœur de la sphère culturelle. Sous le prétendu culte de la beauté prospère une haine de soi et de son corps, entretenue par le matraquage de normes inatteignables. Un processus d'auto-dévalorisation qui alimente une anxiété constante au sujet du physique en même temps qu'il condamne les femmes à ne pas savoir exister autrement que par la séduction, les enfermant dans un état de subordination permanente. En ce sens, la question du corps constitue bien la clé d'une avancée des droits des femmes sur tous les autres plans, de la lutte contre les violences à celle contre les inégalités au travail.",
    "category": "Social Science"
  },
  {
    "id": 42,
    "title": "Le prix des sentiments Au cœur du travail émotionnel",
    "year": 2017,
    "authors": "Arlie Russell Hochschild",
    "url": "https://www.senscritique.com/livre/Le_prix_des_sentiments_Au_coeur_du_travail_emotionnel/28216430",
    "note": "N/A",
    "image": "https://media.senscritique.com/media/000017329131/150/Le_prix_des_sentiments_Au_coeur_du_travail_emotionnel.jpg",
    "cdc": "",
    "level": "",
    "theme": "",
    "size": 317,
    "publisher": "La Découverte",
    "description": "Célèbre pour avoir ouvert la voie à la sociologie des émotions, Arlie R. Hochschild développe dans ce livre la notion de \" travail émotionnel \". Cet ouvrage s'inscrit dans une double perspective critique : critique féministe du rôle émotionnel imposé aux femmes et critique des structures du capitalisme contemporain et de leurs effets délétères sur les individus. Célèbre pour avoir ouvert la voie à la sociologie des émotions, Arlie R. Hochschild développe dans ce livre la notion de \" travail émotionnel \". Selon l'auteure, en effet, les émotions ne surgissent pas en nous en s'emparant de notre \" moi \", mais sont le fruit d'un travail que nous effectuons, la plupart du temps sans en avoir conscience, dans le but d'accorder ce que nous ressentons avec les \" règles de sentiments \" en vigueur dans notre environnement social. Ce que montre par ailleurs l'auteure, c'est comment, au cours des dernières décennies, dans le cadre d'une économie postfordiste où prédominent les emplois de service, et donc les relations avec un \" public \", ce travail émotionnel a été \" capturé \" par les entreprises et orienté vers des fi ns marchandes. Dans ce processus, ce sont en particulier les femmes, éduquées pour devenir des êtres sociaux émotionnels, qui sont en première ligne et en subissent de plein fouet les implications : lorsque les émotions sont dictées par l'entreprise, elles deviennent progressivement étrangères à l'individu et perturbent sa capacité à vivre en société. Plus que jamais d'actualité, cet ouvrage exceptionnel s'inscrit ainsi dans une double perspective critique : critique féministe du rôle émotionnel imposé aux femmes, aussi bien dans le cadre privé qu'au travail, d'une part, et critique des structures du capitalisme contemporain et de leurs effets délétères sur les individus, d'autre part.",
    "category": "Social Science"
  },
  {
    "id": 43,
    "title": "Sorcières",
    "year": 2018,
    "authors": "Mona Chollet",
    "url": "https://www.senscritique.com/livre/Sorcieres/34679510",
    "note": 8.1,
    "image": "https://media.senscritique.com/media/000017824469/150/Sorcieres.jpg",
    "cdc": "❤️",
    "level": "",
    "theme": "",
    "size": 232,
    "publisher": "Zones",
    "description": "Tremblez, les sorcières reviennent ! disait un slogan féministe des années 1970. Image repoussoir, représentation misogyne héritée des procès et des bûchers des grandes chasses de la Renaissance, la sorcière peut pourtant, affirme Mona Chollet, servir pour les femmes d'aujourd'hui de figure d'une puissance positive, affranchie de toutes les dominations. Qu'elles vendent des grimoires sur Etsy, postent des photos de leur autel orné de cristaux sur Instagram ou se rassemblent pour jeter des sorts à Donald Trump, les sorcières sont partout. Davantage encore que leurs aînées des années 1970, les féministes actuelles semblent hantées par cette figure. La sorcière est à la fois la victime absolue, celle pour qui on réclame justice, et la rebelle obstinée, insaisissable. Mais qui étaient au juste celles qui, dans l'Europe de la Renaissance, ont été accusées de sorcellerie ? Quels types de femme ces siècles de terreur ont-ils censurés, éliminés, réprimés ? Ce livre en explore trois et examine ce qu'il en reste aujourd'hui, dans nos préjugés et nos représentations : la femme indépendante –; puisque les veuves et les célibataires furent particulièrement visées ; la femme sans enfant –; puisque l'époque des chasses a marqué la fin de la tolérance pour celles qui prétendaient contrôler leur fécondité ; et la femme âgée – devenue, et restée depuis, un objet d'horreur. Enfin, il sera aussi question de la vision du monde que la traque des sorcières a servi à promouvoir, du rapport guerrier qui s'est développé alors tant à l'égard des femmes que de la nature : une double malédiction qui reste à lever.",
    "category": "Social Science"
  },
  {
    "id": 44,
    "title": "Ne suis-je pas une femme ?",
    "year": 1981,
    "authors": "Bell Hooks",
    "url": "https://www.senscritique.com/livre/Ne_suis_je_pas_une_femme/17982401",
    "note": 8.4,
    "image": "https://media.senscritique.com/media/000019357725/150/Ne_suis_je_pas_une_femme.jpg",
    "cdc": "",
    "level": "",
    "theme": "",
    "size": 176,
    "publisher": "ENS Éditions",
    "description": "Pourquoi le travail du care est-il particulièrement fertile pour les questions morales ? Qu’est-ce que la psychologie sociale peut apporter à la réflexion en éthique ? En quoi la philosophie morale peut-elle renouveler l’écoute des psychologues ? Ceux-ci peuvent-ils transformer leur façon de comprendre les préoccupations du monde ordinaire ? Comment les discours savants peuvent-ils ne pas étouffer la voix différente en éthique ? À partir d’enquêtes réalisées sur le terrain de la recherche en nanomédecine, sur celui du soin gériatrique, ou de l’expérience de femmes confrontées à la violence, ce livre propose une lecture de « ce qui compte » pour les personnes qui sont engagées dans une relation d’attention à autrui. Les conditions de l’identification à l’autre, ou au contraire de l’impossibilité de s’imaginer à sa place, sont un fil rouge dans une réflexion portant tour à tour sur l’angoisse morale, le racisme et le mépris social, le rapport entre souci de soi et souci des autres.",
    "category": "Social Science"
  },
  {
    "id": 45,
    "title": "Men explain things to me",
    "year": 2014,
    "authors": "Rebecca Solnit",
    "url": "https://www.senscritique.com/livre/Men_explain_things_to_me/11636788",
    "note": 7.3,
    "image": "https://media.senscritique.com/media/000007029765/150/Men_explain_things_to_me.jpg",
    "cdc": "",
    "level": "",
    "theme": "",
    "size": 174,
    "publisher": "Média Diffusion",
    "description": "Pourquoi les hommes se sentent-ils obligés d'expliquer aux femmes ce qu'elles savent déjà ? D'où vient leur certitude de savoir mieux qu'elles ce qu'elles doivent penser, ou faire ? Peut-être de l'Histoire, qui a constamment relégué les voix des femmes au silence. Dans ce recueil d'essais où la colère le dispute à l'intelligence et à l'humour, Rebecca Solnit explore une nouvelle façon de penser le féminisme. Et fournit des armes pour les luttes à venir. Traduit de l'anglais (États-Unis) par Céline Leroy",
    "category": "Social Science"
  },
  {
    "id": 46,
    "title": "Girls Will Be Girls",
    "year": 2015,
    "authors": "Emer O'Toole",
    "url": "https://www.senscritique.com/livre/Girls_Will_Be_Girls/12140651",
    "note": 8.7,
    "image": "https://media.senscritique.com/media/000016915300/150/Girls_Will_Be_Girls.jpg",
    "cdc": "",
    "level": "",
    "theme": "",
    "size": 320,
    "publisher": "Hachette UK",
    "description": "Being a woman is, largely, about performance - how we dress and modify our bodies, what we say, the roles we play, and how we conform to expectations. Gender stereotypes are still deeply embedded in our society, but Emer O'Toole is on a mission to re-write the old script and bend the rules of gender - and she shows how and why we should all be joining in. Exploring what it means to 'act like a girl', Emer takes us on a hilarious and thought-provoking journey through her life (including singing 'Get Your Pits Out for the Lads' on national TV after growing out her body hair). Cross-dressing, booty-shaking, sexual disasters, family dinners and full-body waxing are all lovingly dissected in search of wisdom. With game-changing ideas, academic intelligence and laugh-out-loud humour, this book will open your mind and revolutionise the way that you think about gender.",
    "category": "Social Science"
  },
  {
    "id": 47,
    "title": "Sister outsider",
    "year": 2003,
    "authors": "Audre Lorde",
    "url": "https://www.senscritique.com/livre/Sister_outsider/11870834",
    "note": 8.2,
    "image": "https://media.senscritique.com/media/000007202817/150/Sister_outsider.jpg",
    "cdc": "",
    "level": "",
    "theme": "",
    "size": 208,
    "publisher": "Penguin UK",
    "description": "The woman's place of power within each of us is neither white nor surface; it is dark, it is ancient, and it is deep The revolutionary writings of Audre Lorde gave voice to those 'outside the circle of this society's definition of acceptable women'. Uncompromising, angry and yet full of hope, this collection of her essential prose - essays, speeches, letters, interviews - explores race, sexuality, poetry, friendship, the erotic and the need for female solidarity, and includes her landmark piece 'The Master's Tools Will Never Dismantle the Master's House'. 'The truth of her writing is as necessary today as it's ever been' Guardian",
    "category": "Literary Collections"
  },
  {
    "id": 48,
    "title": "Americanah",
    "year": 2014,
    "authors": "Chimamanda Ngozi Adichie",
    "url": "https://www.senscritique.com/livre/Americanah/12913278",
    "note": 8,
    "image": "https://media.senscritique.com/media/000008269534/160/Americanah.jpg",
    "cdc": "❤️",
    "level": "",
    "theme": "",
    "size": 704,
    "publisher": "Editions Gallimard",
    "description": "\"En descendant de l’avion à Lagos, j’ai eu l’impression d’avoir cessé d’être noire.\" Ifemelu quitte le Nigeria pour aller faire ses études à Philadelphie. Elle laisse derrière elle son grand amour, Obinze, éternel admirateur de l’Amérique, qui compte bien la rejoindre. Mais comment rester soi lorsqu’on change de pays, et lorsque la couleur de votre peau prend un sens et une importance que vous ne lui aviez jamais donnés ? De son ton irrévérencieux, Chimamanda Ngozi Adichie fait valser le politiquement correct et nous offre une grande histoire d’amour, parcourant trois continents d’un pas vif et puissant.",
    "category": "Fiction"
  },
  {
    "id": 49,
    "title": "Celle dont j'ai toujours rêvé",
    "year": 2016,
    "authors": "Meredith Russo",
    "url": "https://www.senscritique.com/livre/Celle_dont_j_ai_toujours_reve/23244362",
    "note": 7.4,
    "image": "https://media.senscritique.com/media/000016832485/150/Celle_dont_j_ai_toujours_reve.jpg",
    "cdc": "",
    "level": "",
    "theme": "",
    "size": 216,
    "publisher": "12-21",
    "description": "Pour devenir celle dont elle a toujours rêvé, Amanda a parcouru un chemin très éprouvant mais c'est l'amour de Grant qui va l'aider à achever sa destinée. POUR DEVENIR ELLE-MÊME, AMANDA A TRAVERSÉ BIEN DES ÉPREUVES, MAIS LA PLUS TERRIFIANTE RESTE À VENIR : SA PREMIÈRE HISTOIRE D'AMOUR. Amanda Hardy arrive dans un nouveau lycée. Comme beaucoup, elle souhaite avant tout s'intégrer. Mais malgré sa popularité, un secret l'empêche de s'ouvrir aux autres. Sa rencontre avec Grant remet tout en question. Il est le premier garçon qui parvient à lui faire baisser sa garde. Amanda comprend que pour être heureuse, elle doit se révéler, au risque de tout perdre. Car le secret d'Amanda c'est qu'avant, elle s'appelait,Andrew. Celle dont j'ai toujours rêvé est un récit universel et une fantastique histoire d'amour.",
    "category": "Juvenile Fiction"
  },
  {
    "id": 50,
    "title": "Le Ventre des femmes",
    "year": 2017,
    "authors": "Françoise Vergès",
    "url": "https://www.senscritique.com/livre/Le_Ventre_des_femmes/25154111",
    "note": 6.8,
    "image": "https://media.senscritique.com/media/000016922443/150/Le_Ventre_des_femmes.jpg",
    "cdc": "",
    "level": "",
    "theme": "",
    "size": 230,
    "description": "Dans les années 1960-1970, l'État français encourage l'avortement et la contraception dans les départements d'outre-mer alors même qu'il les interdit et les criminalise en France métropolitaine. Comment expliquer de telles disparités ? Partant du cas emblématique de La Réunion où, en juin 1970, des milliers d'avortements et de stérilisations sans consentement pratiqués par des médecins blancs sont rendus publics, Françoise Vergès retrace la politique de gestion du ventre des femmes, stigmatisées en raison de la couleur de leur peau. Dès 1945, invoquant la \"surpopulation\"de ses anciennes colonies, l'État français prône le contrôle des naissances et l'organisation de l'émigration ; une politique qui le conduit à reconfigurer à plusieurs reprises l'espace de la République, provoquant un repli progressif sur l'Hexagone au détriment des outre-mer, où les abus se multiplient. Françoise Vergès s'interroge sur les causes et les conséquences de ces reconfigurations et sur la marginalisation de la question raciale et coloniale par les mouvements féministes actifs en métropole, en particulier le MLF. En s'appuyant sur les notions de genre, de race, de classe dans une ère postcoloniale, l'auteure entend faire la lumière sur l'histoire mutilée de ces femmes, héritée d'un système esclavagiste, colonialiste et capitaliste encore largement ignoré aujourd'hui.",
    "category": null
  },
  {
    "id": 51,
    "title": "Come as You Are",
    "year": 2015,
    "authors": "Emily Nagoski Ph. D.",
    "url": "https://www.senscritique.com/livre/Come_as_You_Are/12199920",
    "note": "N/A",
    "image": "https://media.senscritique.com/media/000019251841/150/Come_as_You_Are.jpg",
    "cdc": "",
    "level": "",
    "theme": "",
    "size": 336,
    "publisher": "Three Rivers Press",
    "description": "Nirvana came out of nowhere in 1991 to sell nearly five million copies of their landmark album Nevermind, whose thunderous sound and indelible melodies embodied all the confusion, frustration, and passion of the emerging Generation X. Come As You Are is the close-up, intimate story of Nirvana -- the only book with exclusive in-depth interviews with bandmembers Kurt Cobain, Krist Noveselic, and Dave Grohl, as well as friends, relatives, former bandmembers, and associates -- now updated to include a new final chapter detailing the last year of Kurt Cobain's life, before his tragic suicide in April 1994.",
    "category": "Biography & Autobiography"
  },
  {
    "id": 52,
    "title": "Chère Ijeawele",
    "year": 2017,
    "authors": "Chimamanda Ngozi Adichie",
    "url": "https://www.senscritique.com/livre/Chere_Ijeawele/24979242",
    "note": 7.9,
    "image": "https://media.senscritique.com/media/000016851631/150/Chere_Ijeawele.jpg",
    "cdc": "❤️",
    "level": "",
    "theme": "",
    "size": 84,
    "publisher": "Editions Gallimard",
    "description": "\"Je suis convaincue de l’urgence morale qu’il y a à nous atteler à imaginer ensemble une éducation différente pour nos enfants, pour tenter de créer un monde plus juste à l’égard des femmes et des hommes.\" À une amie qui lui demande quelques conseils pour élever selon les règles de l’art du féminisme la petite fille qu’elle vient de mettre au monde, Chimamanda Ngozi Adichie répond sous la forme d’une missive enjouée, non dénuée d’ironie, qui prend vite la tournure d’un manifeste. L’écrivain nigériane examine les situations concrètes qui se présentent aux parents d’une petite fille et explique comment déjouer les pièges que nous tend le sexisme, à travers des exemples tirés de sa propre expérience. Cette lettre manifeste s’adresse à tous : aux hommes comme aux femmes, aux parents en devenir, à l’enfant qui subsiste en nous et qui s’interroge sur l’éducation qu’il a reçue. Chacun y trouvera les clés d’une ligne de conduite féministe, qui consiste à croire en la pleine égalité des sexes et à l’encourager. Grand Prix de l'Héroïne Madame Figaro 2017",
    "category": "Social Science"
  },
  {
    "id": 53,
    "title": "La Domination masculine",
    "year": 1998,
    "authors": "Pierre Bourdieu",
    "url": "https://www.senscritique.com/livre/La_Domination_masculine/429956",
    "note": 7.4,
    "image": "https://media.senscritique.com/media/000000061483/150/La_Domination_masculine.gif",
    "cdc": "❤️",
    "level": "",
    "theme": "",
    "size": 154,
    "publisher": "Média Diffusion",
    "description": "La domination masculine La domination masculine est tellement ancrée dans nos inconscients que nous ne l'apercevons plus, tellement accordée à nos attentes que nous avons du mal à la remettre en question. La description ethnographique de la société kabyle, conservatoire de l'inconscient méditerranéen, fournit un instrument puissant pour dissoudre les évidences et explorer les structures symboliques de cet inconscient androcentrique qui survit chez les hommes et les femmes d'aujourd'hui. Mais la découverte des permanences oblige à renverser la manière habituelle de poser le problème : comment s'opère le travail historique de déshistorisation ? Quels sont les mécanismes et les institutions, Famille, Église, École, État, qui accomplissent le travail de reproduction ? Est-il possible de les neutraliser pour libérer les forces de changement qu'ils entravent ? Pierre Bourdieu (1930-2002) Professeur de sociologie au Collège de France, il a écrit de nombreux ouvrages qui ont une influence majeure dans les sciences sociales aujourd'hui.",
    "category": "Social Science"
  },
  {
    "id": 54,
    "title": "Et moi alors ?",
    "year": 2015,
    "authors": "T. Lucas",
    "url": "https://www.senscritique.com/livre/Et_moi_alors/18587641",
    "note": "N/A",
    "image": "https://media.senscritique.com/media/000012995563/150/Et_moi_alors.jpg",
    "cdc": "",
    "level": "",
    "theme": "",
    "size": 244,
    "category": null
  },
  {
    "id": 55,
    "title": "Fragments d'un discours polyamoureux",
    "year": 2017,
    "authors": "Magali Croset-Calisto",
    "url": "https://www.senscritique.com/livre/Fragments_d_un_discours_polyamoureux/23321902",
    "note": 5.8,
    "image": "https://media.senscritique.com/media/000017360915/150/Fragments_d_un_discours_polyamoureux.jpg",
    "cdc": "",
    "level": "",
    "theme": "",
    "size": 192,
    "publisher": "Editions Michalon",
    "description": "« Le polyamour est la faculté de pouvoir aimer plusieurspersonnes en même temps de manière assumée. C'est une conscience de soi, de ses propres limites - et de celles des autres - très poussée. À partir du moment où il ne relève ni du libertinage, ni de l'adultère classique, le polyamour représente alors une maturité dans l'art d'aimer. Ce livre se présente comme un témoignage littéraire, expérimental et singulier d'un art d'aimer alternatif pour tenter de sonder les enjeux de l'amour durable. Laboratoire personnel porté à l'analyse d'un regard professionnel d'une part et littéraire d'autre part, il propose un dévoilement multifocal du polyamour. » Comment sait-on que l'on est polyamoureux ? Quand et comment le devient-on ? Comment fait-on pour gérer la jalousie entre les partenaires ? Autant de questions que la sexologue Magali Croset-Calisto aborde à travers un témoignage de vie moderne et audacieux, construit tant à partir de son vécu de femme que de son expertise en cabinet. Car quoi de mieux que l'expérience personnelle et l'approche professionnelle d'une sexologue pour évoquer en toute intimité les différents enjeux de l'amour et de la sexualité dans notre société ?",
    "category": "Biography & Autobiography"
  },
  {
    "id": 56,
    "title": "Bad Feminist",
    "year": 2014,
    "authors": "Roxane Gay",
    "url": "https://www.senscritique.com/livre/Bad_Feminist/11889051",
    "note": 7.1,
    "image": "https://media.senscritique.com/media/000007225457/160/Bad_Feminist.jpg",
    "cdc": "❤️",
    "level": "",
    "theme": "",
    "size": 464,
    "publisher": "Denoël",
    "description": "Bad Feminist. Derrière ce titre ironique, Roxane Gay développe une réflexion révolutionnaire et bienvenue sur l’état actuel du féminisme. Lassée des prises de position parfois trop clivantes de certaines organisations féministes, et fatiguée d’entendre des femmes dire qu’elles ne sont pas féministes, elle rappelle que la défense de l’égalité des sexes ne dispense pas d’assumer ses contradictions : on peut aimer la télé-réalité, se peindre les ongles en rose et revendiquer le fait d’être féministe. Bad Feminist regroupe ses chroniques initialement publiées dans The Guardian et sur le site The Rumpus. Roxane Gay y parle de culture, de race, de sexe et de genres, de stéréotypes sur l’amitié féminine, en se fondant sur sa propre histoire de femme noire dans l’Amérique contemporaine. Le portrait qui émerge en filigrane est celui d’une femme au regard d’une incroyable justesse, aussi bien sur elle-même que sur notre société. Une société dans laquelle les produits culturels que nous consommons entretiennent bon nombre de stéréotypes qui finissent par nous définir. Après avoir lu Bad Feminist, vous ne verrez plus les femmes, ni le monde, de la même façon.",
    "category": "Fiction"
  },
  {
    "id": 57,
    "title": "Les gros mots - Abécédaire joyeusement moderne du féminisme",
    "year": 2016,
    "authors": "Clarence Edgard-Rosa et Collectif",
    "url": "https://www.senscritique.com/livre/Les_gros_mots_Abecedaire_joyeusement_moderne_du_feminisme/23128592",
    "note": 7.8,
    "image": "https://media.senscritique.com/media/000016434940/150/Les_gros_mots_Abecedaire_joyeusement_moderne_du_feminisme.jpg",
    "cdc": "",
    "level": "",
    "theme": "",
    "size": 206,
    "publisher": "Hugo Document",
    "description": "Parce que le féminisme est toujours considéré comme un gros mot ! Pourquoi faire un abécédaire du fémninisme aujourd'hui ? Parce que les femmes d'aujourd'hui, les 15-40 ans, ne sont pas confrontées aux mêmes problèmatiques que celles des générations précédentes. Pour autant, les luttes féministes sont toujours aussi nécessaires et de nouvelles questions se posent ! Cet abécédaire, qui se veut résolument moderne et décalé, définit ce que veut dire être féministe aujourd'hui, entre concepts toujours d'actualité, nouveaux enjeux, apports de la pop culture, expressions populaires et vocabulaire d'initié-e-s. Cet ouvrage est aussi bien à destination des jeunes pour qui il constituera une bonne porte d'entrée sur les questions féministes, qu'aux plus agé(e)s qui voudraient bien comprendre ce qu'est le slutshaming, le mansplanning ou encore la friendzone.",
    "category": "Social Science"
  },
  {
    "id": 58,
    "title": "Une culture du viol à la française",
    "year": 2019,
    "authors": "Valérie Rey-Robert",
    "url": "https://www.senscritique.com/livre/Une_culture_du_viol_a_la_francaise/38878799",
    "note": 8.4,
    "image": "https://media.senscritique.com/media/000018402107/150/Une_culture_du_viol_a_la_francaise.jpg",
    "cdc": "",
    "level": "",
    "theme": "",
    "size": 296,
    "category": null
  },
  {
    "id": 59,
    "title": "Non, le masculin ne l'emporte pas sur le féminin !",
    "year": 2014,
    "authors": "Eliane Viennot",
    "url": "https://www.senscritique.com/livre/Non_le_masculin_ne_l_emporte_pas_sur_le_feminin/11219822",
    "note": 7.5,
    "image": "https://media.senscritique.com/media/000010052021/150/Non_le_masculin_ne_l_emporte_pas_sur_le_feminin.jpg",
    "cdc": "",
    "level": "",
    "theme": "",
    "publisher": "Les Éditions iXe",
    "description": "Le long effort des grammairiens pour masculiniser le français a suscité de vives résistances chez celles et ceux qui, longtemps, ont parlé et écrit cette langue sans appliquer des règles contraires à sa logique. Initiée au XVIIe siècle, la domination du masculin s’est imposée à la fin du XIXe siècle. Depuis, on apprend à l’école que “le masculin l’emporte sur le féminin”... Ce livre retrace l’histoire d’une entreprise à la misogynie affirmée ou honteuse, selon les époques. Il nous convie à un parcours plein de surprises où l’on en apprend de belles sur la “virilisation” des noms de métier, sur les usages en matière d’accords, sur l’utilisation des pronoms ou sur les mutations “trans” subies par certains mots en vertu de la “loi du genre”.",
    "category": "Language Arts & Disciplines"
  },
  {
    "id": 60,
    "title": "Déclaration des Droits de la Femme et du Citoyen",
    "year": 1791,
    "authors": "Sophie Mousset",
    "url": "https://www.senscritique.com/livre/Olympe_de_Gouges_et_les_droits_de_la_femme/262110",
    "note": 7.3,
    "image": "https://media.senscritique.com/media/000000089535/160/Olympe_de_Gouges_et_les_droits_de_la_femme.gif",
    "cdc": "❤️",
    "level": "",
    "theme": "",
    "size": 64,
    "publisher": "Fayard/Mille et une nuits",
    "description": "Première féministe française, Olympe de Gouges (1748-1793) réclame l'égalité des sexes devant l'Assemblée. Dans ce manifeste, elle réécrit au féminin la Déclaration universelle des droits de l'homme et du citoyen : « La femme naît libre et demeure égale à l'homme en droits.» Le 3 novembre 1793, avant d'être guillotinée, elle aurait lancé : « Je suis certaine que nous triompherons un jour ».",
    "category": "Art"
  },
  {
    "id": 61,
    "title": "Boys Don't Cry! : Les coûts de la domination masculine",
    "year": 2012,
    "authors": "Delphine Dulong, Christine Guionnet et Erik Neveu",
    "url": "https://www.senscritique.com/livre/Boys_Don_t_Cry_Les_couts_de_la_domination_masculine/9053724",
    "note": "N/A",
    "image": "https://media.senscritique.com/media/000004860693/150/Boys_Don_t_Cry_Les_couts_de_la_domination_masculine.jpg",
    "cdc": "",
    "level": "",
    "theme": "",
    "size": 330,
    "publisher": "PU Rennes",
    "description": "Quels sont les arguments de ces groupes? En quoi sont-ils symptômatiques des évolutions et des perceptions des rapports de genre? Peut-on évaluer leur impact, qui varie entre Amérique du Nord et Europe? Quels enjeux inséparablement politiques et scientifiques portent des notions comme \"coûts de la masculinité\" ou \"rôles de sexe\"? Côté scientifique, l'enjeu est clair : il s'agit de poursuivre le travail de déconstruction de la domination masculine en montrant que celle-ci n'a rien de naturel.",
    "category": "Domination"
  },
  {
    "id": 62,
    "title": "Féminismes du XXIe siècle : une troisième vague ?",
    "year": 2017,
    "authors": "Karine Bergès, et Alexandrine Guyard-Nedelec",
    "url": "https://www.senscritique.com/livre/Feminismes_du_XXIe_siecle_une_troisieme_vague/29079352",
    "note": "N/A",
    "image": "https://media.senscritique.com/media/000017480787/150/Feminismes_du_XXIe_siecle_une_troisieme_vague.jpg",
    "cdc": "",
    "level": "",
    "theme": "",
    "size": 360,
    "publisher": "BRILL",
    "description": "Dans Une troisième vague féministe et littéraire, Michèle A. Schaal établit une connexion inédite entre une nouvelle génération de femmes de lettres ainsi qu’une troisième vague du féminisme français qui ont toutes deux émergé dans les années 1990. In Une troisième vague féministe et littéraire, Michèle A. Schaal establishes a groundbreaking connection between the new generation of women writers and a third wave of French feminism that both emerged in 1990s France.",
    "category": "Literary Criticism"
  },
  {
    "id": 63,
    "title": "L'événement",
    "year": 2000,
    "authors": "Annie Ernaux",
    "url": "https://www.senscritique.com/livre/L_evenement/431248",
    "note": 7.9,
    "image": "https://media.senscritique.com/media/000000014539/150/L_evenement.gif",
    "cdc": "",
    "level": "",
    "theme": "",
    "size": 260,
    "publisher": "Presses Univ. Septentrion",
    "description": "« À la base, il y a eu un hasard, un magnifique, un splendide hasard puisque toute ma vie professionnelle a été rythmée, a été guidée par cette rencontre. » « ... Mais jamais je ne pouvais imaginer en arrivant ici que ma vie serait définitivement anéantie, tant physiquement que moralement... » Des événements, avec leur part irréductible de contingence, peuvent décider de l'orientation d'une vie. Comment chacun d'entre nous s'approprie-t-il ces événements, ces tournants de l'existence ? Les événements biographiques, parce qu'ils font irruption, parce qu'ils comportent une part irréductible de contingence, disent quelque chose de la réalité, fonctionnent comme des signes qu'il faudra interpréter. Mais, parce qu'il s'impose a posteriori comme une nécessité, il faudra aussi inscrire cette irréversibilité dans une histoire... L'événement peut faire souffrir, et il donne toujours à penser. Mais le « tranchant » de l'événement ne se laisse pas complètement réduire et les récits biographiques en portent les traces, une série de marques linguistiques en témoigne. Cette recherche tente de faire converger deux enquêtes. Dans un geste d'abord théorique il s'agit, grâce à quelques emprunts à des disciplines connexes, de thématiser la notion d'événement biographique. Ensuite, dans un mouvement proprement empirique, à partir de quatre récits biographiques, il s'agit de mettre au jour les stratégies narratives et les marques linguistiques qui permettent d'identifier ces tournants de l'existence qui forment l'armature d'une biographie.",
    "category": "Social Science"
  },
  {
    "id": 64,
    "title": "Mon amie Gabrielle",
    "year": 2016,
    "authors": "Cordélia",
    "url": "https://www.senscritique.com/livre/Mon_amie_Gabrielle/24092926",
    "note": 6,
    "image": "https://media.senscritique.com/media/000016735364/150/Mon_amie_Gabrielle.jpg",
    "cdc": "",
    "level": "",
    "theme": "",
    "size": 64,
    "publisher": "FeniXX",
    "description": "Cet ouvrage est une réédition numérique d’un livre paru au XXe siècle, désormais indisponible dans son format d’origine.",
    "category": "Fiction"
  },
  {
    "id": 65,
    "title": "#Girlgaze",
    "year": 2017,
    "authors": "Sam Taylor-Johnson, Inez Van Lamsweerde et Lynsey Addario",
    "url": "https://www.senscritique.com/livre/Girlgaze/31230183",
    "note": "N/A",
    "image": "https://media.senscritique.com/missing/33/150/missing.jpg",
    "cdc": "",
    "level": "",
    "theme": "",
    "size": 272,
    "publisher": "Rizzoli Publications",
    "description": "Collection of photographs from social media movement #girlgaze.",
    "category": "Documentary photography"
  }
]
